Mean_time	Mean_qlow	Mean_qup	Priors
t_n701_LUCA	4497.64	4440.91	4519.36	B(3.347,4.520,1e-300,1e-300)
t_n702	3477.982	3387.91	3615.09	0
t_n703	3377.568	3277.1	3514.81	0
t_n704	3287.845	3178.48	3425.43	0
t_n705	3152.364	3026.15	3291.26	0
t_n706	2898.071	2743.53	3052.58	0
t_n707	2751.087	2577.62	2916.78	0
t_n708	2584.958	2404.71	2758.4	0
t_n709	2464.634	2277.19	2645.17	0
t_n710	1514.676	1172.07	1827.9	0
t_n711	703.519	460.74	977.73	0
t_n712	71.058	38.7	121.64	0
t_n713	2261.763	2065.43	2453.21	0
t_n714	1955.604	1753.79	2158.55	0
t_n715	1724.604	1513.64	1935.51	0
t_n716	1518.574	1307.74	1736.58	0
t_n717	1223.789	1005.34	1444.43	0
t_n718	1461.779	1246.64	1692.46	0
t_n719	1681.261	1476.22	1893.17	0
t_n720	1561.251	1365.93	1769.4	0
t_n721	1422.571	1236.97	1622.12	0
t_n722	1323.657	1142.22	1518	0
t_n723	1208.622	1033.81	1399.9	0
t_n724	1148.846	977.38	1337.26	0
t_n725	960.448	799.92	1138.13	0
t_n726	1391.872	1209	1591.61	0
t_n727	1231.081	1059.6	1416.19	0
t_n728	1058.886	897.97	1239.63	0
t_n729	810.661	663.9	975.75	0
t_n730	503.497	367.89	661.76	0
t_n731	209.103	122.91	322.29	0
t_n732	1289.105	1115.31	1474.63	0
t_n733	1135.227	964.5	1316.77	0
t_n734	1154.65	987.3	1335.79	0
t_n735	1467.138	1262.42	1688.46	0
t_n736	1750.017	1513.1	1976.46	0
t_n737	1539.021	1305.12	1763.17	0
t_n738	1168.621	954.77	1384.17	0
t_n739	1068.305	864.8	1272.88	0
t_n740	792.689	622.74	968.21	0
t_n741	649.92	503.09	809	0
t_n742	555.804	425.92	701.48	0
t_n743	473.897	360.46	605.69	0
t_n744	258.06	187.12	348.69	0
t_n745	590.404	455.33	742.92	0
t_n746	859.868	677.69	1045.35	0
t_n747	1062.985	862.17	1267	0
t_n748	965.449	776.58	1159.42	0
t_n749	699.649	542.94	863.55	0
t_n750	560.049	426.89	707.14	0
t_n751	321.21	231.96	425.74	0
t_n752	1356.483	1130.14	1585.24	0
t_n753	1158.449	942.38	1380.57	0
t_n754	2140.662	1877.8	2368.56	0
t_n755	299.343	146.66	523.28	0
t_n756	570.322	294.28	884.13	0
t_n757	495.475	219.19	852.98	0
t_n758	2702.256	2527.8	2864.07	0
t_n759	2360.293	2138.94	2554.31	0
t_n760	1004.489	737.23	1295.32	0
t_n761	913.708	665.64	1191.81	0
t_n762	788.193	569.39	1037.62	0
t_n763	452.806	309.03	635.05	0
t_n764	759.105	540.95	1014.91	0
t_n765	1666.001	1302.54	1978.19	0
t_n766	2527.388	2337.04	2704.16	0
t_n767	2405.546	2201.95	2589.11	0
t_n768	2162.109	1927.07	2371.78	0
t_n769	1742.153	1459.33	1994.89	0
t_n770	620.636	373.37	883.35	0
t_n771	2210.762	1989.89	2404.29	0
t_n772	1741.545	1471.37	1983.52	0
t_n773	963.291	687.14	1264.32	0
t_n774	1699.394	1416.2	1950.97	0
t_n775	1323.765	1057.05	1590.68	0
t_n776	986.673	747.39	1249.67	0
t_n777	2898.055	2725.96	3054.71	0
t_n778	1821.179	1398.9	2199.86	0
t_n779	1530.563	1143.03	1905.65	0
t_n780	1421.643	1053.74	1786.72	0
t_n781	1171.389	849.12	1514.67	0
t_n782	670.4	450.84	928.91	0
t_n783	534.101	353.68	754.63	0
t_n784	2711.262	2508.24	2890.86	0
t_n785	2222.155	1932.59	2463.16	0
t_n786	1986.957	1695.49	2250.1	0
t_n787	1718.597	1431.74	1988	0
t_n788	1520.77	1248.34	1794.8	0
t_n789	1188.539	930.19	1453.83	0
t_n790	750.915	483.67	1055.34	0
t_n791	1357.556	1049.4	1668.52	0
t_n792	1196.101	912.04	1495.47	0
t_n793	778.301	562.68	1034.72	0
t_n794	1987.919	1618.53	2296.28	0
t_n795	1009.999	674.46	1372.94	0
t_n796	1731.758	1107.81	2263.76	0
t_n797	254.584	119.36	481.54	0
t_n798	2543.666	2165.72	2833.43	0
t_n799	2089.168	1668.99	2433.03	0
t_n800	1758.633	1362.94	2125.11	0
t_n801	1590.724	1218.69	1960.9	0
t_n802	1231.583	901.82	1586.35	0
t_n803	540.83	279.16	880.82	0
t_n804	326.451	165.22	551.69	0
t_n805_CG-ARCH-EUKARYA	3423.526	3337.42	3555.77	B(3.331,4.520,1e-300,1e-300)
t_n806	3322.828	3228.03	3455.87	0
t_n807	3113.175	2998.58	3250.77	0
t_n808	2873.83	2738.85	3019.82	0
t_n809	2692.952	2545.34	2844.21	0
t_n810	2471.413	2305.69	2629.85	0
t_n811	1602.629	1395.69	1798.97	0
t_n812	1455.749	1254.82	1648.76	0
t_n813	1336.12	1143.79	1517.52	0
t_n814	1252.853	1064.81	1432.13	0
t_n815	936.613	769.43	1112.53	0
t_n816	584.847	443.25	739.99	0
t_n817	993.449	827.74	1157.8	0
t_n818	905.702	748.81	1064.43	0
t_n819	781.829	638.62	934.67	0
t_n820	651.849	525.67	793.11	0
t_n821	402.035	307.65	516.21	0
t_n822	178.996	126.69	245.88	0
t_n823	120.559	83.6	167.53	0
t_n824	56.419	37.46	81.73	0
t_n825	794.038	651.02	944.36	0
t_n826	679.485	550.4	820.23	0
t_n827	579.892	463.27	710.08	0
t_n828	163.817	112.38	233.28	0
t_n829	460.633	361.54	575.99	0
t_n830	380.192	292.17	482.85	0
t_n831	1259.579	1074.23	1439.45	0
t_n832	1188.388	1004.86	1367.29	0
t_n833	1120.457	943.58	1293.33	0
t_n834	741.589	587.04	905.83	0
t_n835	580.009	445.38	729.66	0
t_n836	446.819	338.26	574.11	0
t_n837	374.095	279.03	484.63	0
t_n838	292.527	213.96	384.33	0
t_n839	336.805	250.15	438.5	0
t_n840	265.312	194.22	351.04	0
t_n841	281.414	206.76	367.18	0
t_n842	215.955	156.67	285.89	0
t_n843	149.606	107.17	202.19	0
t_n844	1002.944	836.21	1171.05	0
t_n845	721.078	575.07	873.36	0
t_n846	645.178	509.75	788.7	0
t_n847	578.6	452.69	710.32	0
t_n848	442.187	339.54	554.28	0
t_n849	536.079	412.4	667.73	0
t_n850	1429.039	1014.27	1814.67	0
t_n851	2530.058	2373.48	2688.19	0
t_n852	2386.134	2221.31	2554.42	0
t_n853	2278.105	2106.46	2455.48	0
t_n854	2093.171	1908.21	2279.56	0
t_n855	1969.877	1775.54	2165.34	0
t_n856	1697.759	1487.81	1901.82	0
t_n857	1191.675	984.82	1397.81	0
t_n858	901.904	721.55	1092.08	0
t_n859	304.54	202.25	431.63	0
t_n860	170.276	109.28	251.31	0
t_n861	982.201	795.73	1172.57	0
t_n862	898	725.06	1078.88	0
t_n863	732.98	579.59	899.58	0
t_n864	725.737	574.89	889.89	0
t_n865	744.602	584.76	916.09	0
t_n866	720.154	480.54	972.1	0
t_n867	1119.929	795.95	1422.09	0
t_n868	2019.942	1824.11	2223.93	0
t_n869	723.376	444.8	1030.11	0
t_n870	916.684	622.34	1232.37	0
t_n871	2056.903	1841.26	2264.99	0
t_n872	536.106	296.42	821.05	0
t_n873	197.841	102.27	332.19	0
t_n874	1292.953	993.67	1570.75	0
t_n875	1161.646	883.22	1430.04	0
t_n876	953.639	714.47	1192.49	0
t_n877	999.947	752.77	1252.8	0
t_n878	813.022	603.41	1039.75	0
t_n879	1138.339	860.49	1405.55	0
t_n880	1438.758	1072.06	1810.04	0
t_n881	1206.598	878.62	1556.78	0
t_n882	1044.679	751.58	1365.87	0
t_n883	743.777	524.47	1004.43	0
t_n884	816.859	577.29	1093.5	0
t_n885	2670.712	2491.55	2841.17	0
t_n886	2484.674	2296.21	2668.03	0
t_n887	2334.388	2138.18	2525.9	0
t_n888	1977.677	1743.37	2205.28	0
t_n889	1052.378	788.77	1328.63	0
t_n890	899.725	666.68	1153.99	0
t_n891	529.61	369.75	719.69	0
t_n892	815.475	599.44	1050.92	0
t_n893	674.329	487.78	881.82	0
t_n894	464.743	324.5	627.5	0
t_n895	394.042	248.68	584.46	0
t_n896	1700.124	1440.41	1954.76	0
t_n897	2335.799	2135.93	2531.27	0
t_n898	1665.047	1384.89	1925.59	0
t_n899	822.08	587.57	1079.23	0
t_n900	420.084	278.98	600.53	0
t_n901	676.616	475.9	901.49	0
t_n902	1383.937	1121.36	1658.17	0
t_n903	893.439	664.58	1149.54	0
t_n904	640.915	454.55	859.71	0
t_n905	2558.43	2372.09	2733.2	0
t_n906	2179.165	1945.11	2391.74	0
t_n907	1186.038	891.08	1457.77	0
t_n908	999.564	730.93	1251.44	0
t_n909	601.002	406.94	812.69	0
t_n910	397.975	263.2	561.18	0
t_n911	269.235	172.54	390.52	0
t_n912	952.017	695.77	1205.25	0
t_n913	617.865	424.97	826.46	0
t_n914	510.96	347.27	692.17	0
t_n915	478.986	325.42	652.72	0
t_n916	293.559	195.38	415.34	0
t_n917	407.977	276.18	559.9	0
t_n918	290.784	183.19	416.93	0
t_n919	1006.781	674.76	1353.87	0
t_n920	427.487	245.29	676.4	0
t_n921	101.258	52.23	179.86	0
t_n922	2201.963	1944.74	2425.18	0
t_n923	1880.736	1578.96	2151.42	0
t_n924	3197.227	3089.56	3332.27	0
t_n925	3077.712	2946.92	3217.27	0
t_n926	2913.068	2761.31	3066	0
t_n927	2649.131	2442.32	2841.4	0
t_n928	1812.365	1453.06	2131.65	0
t_n929	1240.989	936.57	1565.64	0
t_n930	1023.88	755.81	1324.33	0
t_n931	812.273	591.01	1070.83	0
t_n932	258.81	158.89	400.73	0
t_n933	1561.498	1231.3	1876.66	0
t_n934	1185.502	893.92	1477.28	0
t_n935	626.043	425.94	856.96	0
t_n936	943.584	677.22	1251.19	0
t_n937	2005.307	1534.81	2365.8	0
t_n938	1583.538	1159.65	1973.5	0
t_n939	1108.458	766.54	1473.55	0
t_n940	697.736	389.1	1046.66	0
t_n941	3051.702	2912.34	3196.12	0
t_n942	2741.984	2534.42	2922.49	0
t_n943	1236.591	906.3	1549.85	0
t_n944	686.586	449.51	947.27	0
t_n945	892.691	625.72	1158.8	0
t_n946	723.659	498.02	957.79	0
t_n947	577.966	391.07	781.8	0
t_n948	1897.72	1428.64	2277.5	0
t_n949	2136.506	1633.34	2496.16	0
t_n950	3102.937	2974.9	3249	0
t_n951	2921.803	2771.61	3078.3	0
t_n952_TG-ARCH-EUKARYA	2549.886	2317.48	2749.01	B(1.6191,3.448,1e-300,1e-300)
t_n953	1535.503	1127.95	1926.46	0
t_n954	2280.493	2002.8	2513.56	0
t_n955	1808.87	1480.41	2112.19	0
t_n956	747.103	481.62	1047.03	0
t_n957	2753.973	2582.21	2922.56	0
t_n958	2566.917	2368.63	2754.9	0
t_n959	1677.239	1335.02	2000.03	0
t_n960	1438.347	1122.66	1771.01	0
t_n961	689.328	444.53	961.89	0
t_n962	556.677	354.28	794.52	0
t_n963	1059.454	700.2	1422.38	0
t_n964	599.384	365.12	882.68	0
t_n965	353.635	206.29	558.57	0
t_n966	388.112	230.31	595.45	0
t_n967	261.935	153.03	408.95	0
t_n968	2494.254	2268.41	2694.11	0
t_n969	1890.091	1514.71	2215.38	0
t_n970	2914.275	2777.05	3067.07	0
t_n971	2780.414	2635.98	2938.01	0
t_n972	2607.054	2450.42	2770.28	0
t_n973	2461.322	2296.03	2627	0
t_n974	2311.343	2140.03	2485.53	0
t_n975	1846.768	1632.84	2051.6	0
t_n976	1695.135	1482.72	1902.67	0
t_n977	1583.008	1375.12	1791.42	0
t_n978	1428.731	1229.06	1637	0
t_n979	1316.263	1123.71	1521.57	0
t_n980	854.988	675.43	1054.71	0
t_n981	500.599	363.92	659.99	0
t_n982	889.871	690.94	1107.22	0
t_n983	403.538	276.33	571.83	0
t_n984	962.806	752.16	1184.16	0
t_n985	726.108	548.33	926.25	0
t_n986	489.922	353.78	657.5	0
t_n987	617.055	392.15	856.31	0
t_n988	1686.789	1468.94	1899.7	0
t_n989	879.162	669.95	1093.28	0
t_n990	773.97	584.62	973.26	0
t_n991	762.873	576.23	962.74	0
t_n992	575.484	423.91	743.19	0
t_n993	350.677	249.31	470.67	0
t_n994	114.853	68.05	180.26	0
t_n995	2005.952	1809.77	2194.06	0
t_n996	1614.075	1364.38	1838.72	0
t_n997	1156.177	895.12	1402.07	0
t_n998	1268.454	1021.12	1504.09	0
t_n999	657.434	467.07	864.21	0
t_n1000	266.581	173.53	381.16	0
t_n1001	1003.983	781.58	1225.29	0
t_n1002	734.506	555.08	934.36	0
t_n1003	391.736	257	559.32	0
t_n1004	2259.654	2077.02	2440.28	0
t_n1005	3.197	0.37	9.75	0
t_n1006	1827.228	1567.1	2060.5	0
t_n1007	787.667	526.27	1080.99	0
t_n1008	2416.488	2245.51	2591.53	0
t_n1009	2244.297	2051.58	2432.55	0
t_n1010	1406.728	1110.9	1700.22	0
t_n1011	797.037	565.9	1075.44	0
t_n1012	198.423	118.81	313.07	0
t_n1013	199.161	115.55	318.03	0
t_n1014	1660.94	1295.33	1959.3	0
t_n1015	703.295	435.87	995.23	0
t_n1016	1838.379	1452.64	2163.58	0
t_n1017	1531.687	1176.95	1864.16	0
t_n1018	1065.338	777.6	1372.95	0
t_n1019	873.991	627.47	1156.5	0
t_n1020	230.543	141.39	355.83	0
t_n1021	2735.004	2587.21	2894.39	0
t_n1022	2501.599	2331.54	2671.16	0
t_n1023	2277.122	2086.28	2465.61	0
t_n1024	1733.637	1476.98	1982.86	0
t_n1025	1394.745	1135.09	1665.95	0
t_n1026	834.748	608.13	1103.55	0
t_n1027	920.469	695.09	1179.96	0
t_n1028	2052.339	1837.43	2266.97	0
t_n1029	1886.02	1639.24	2112.52	0
t_n1030	575.923	318.26	869.52	0
t_n1031	2231.652	2011.26	2432.72	0
t_n1032	2476.292	2313.22	2644.91	0
t_n1033	1587.71	1256.86	1880.36	0
t_n1034	1327.286	1028.06	1613.63	0
t_n1035	1094.247	826.43	1369.78	0
t_n1036	722.527	509.57	963.62	0
t_n1037	2284.885	2106.86	2464.23	0
t_n1038_GOE	1758.984	1542.34	1971.85	U(2.315)
t_n1039	1490.611	1272.42	1710.11	0
t_n1040	1288.804	1080.54	1502.06	0
t_n1041	818.369	639.36	1015.37	0
t_n1042	605.552	457.93	777.03	0
t_n1043	517.098	387.73	667.01	0
t_n1044	458.613	342.36	596.66	0
t_n1045	372.601	276.58	490.64	0
t_n1046	273.738	198.66	365.03	0
t_n1047	191.603	135.91	262.02	0
t_n1048	924.004	728.74	1136.26	0
t_n1049	462.385	320.5	636.2	0
t_n1050	1003.969	641.76	1347.95	0
t_n1051	4104.083	3903.33	4308.8	0
t_n1052	4025.84	3833.93	4221.82	0
t_n1053	3884.344	3707.15	4065.47	0
t_n1054	3790.744	3628.28	3959.35	0
t_n1055	3663.425	3517.75	3820.2	0
t_n1056	3506.916	3388.12	3638.06	0
t_n1057	3326.987	3205.48	3445.31	0
t_n1058	3220.53	3093.89	3341.49	0
t_n1059	3120.94	2989.33	3244.34	0
t_n1060	3069.348	2936.2	3193.54	0
t_n1061	2987.088	2852.19	3111.29	0
t_n1062	2908.199	2770.53	3035.3	0
t_n1063	2810.476	2671.29	2941.41	0
t_n1064	2418.231	2259	2560.48	0
t_n1065	2240.236	2079.56	2390.35	0
t_n1066	1795.446	1628.88	1956.28	0
t_n1067	1620.293	1456.69	1781.2	0
t_n1068	1503.639	1345.08	1661.3	0
t_n1069_TG-CHROMATIACEAE	1419.955	1266.26	1574.01	B(1.631,4.520,0.025,1e-300)
t_n1070	1202.376	1055.84	1353.43	0
t_n1071	905.059	767.14	1048.32	0
t_n1072	769.389	638.47	904.11	0
t_n1073	601.623	488.29	725.19	0
t_n1074	462.948	365.63	571.93	0
t_n1075	262.011	195.56	340.17	0
t_n1076	155.794	111.82	209.56	0
t_n1077	623.536	505.66	748.3	0
t_n1078	1026.313	890.09	1171.8	0
t_n1079	913.58	782.39	1054.5	0
t_n1080	773.989	649.24	911.58	0
t_n1081	672.946	556.83	804.33	0
t_n1082	1319.15	1165.73	1471.57	0
t_n1083	1140.158	986.19	1295.06	0
t_n1084	1219.634	1050.79	1387.31	0
t_n1085	1242.709	1056.85	1433.11	0
t_n1086	1048.538	868.35	1240.09	0
t_n1087	775.841	616.41	946.88	0
t_n1088	387.16	281.93	517.31	0
t_n1089	266.719	189.57	364.16	0
t_n1090	986.821	811.99	1173.46	0
t_n1091	714.409	561.82	884.4	0
t_n1092_TG-MIT-EUKARYA	2202.191	2035.46	2353.29	B(1.08557,4.520,0.025,1e-300)
t_n1093	1797.134	1608.47	1974.7	0
t_n1094	1709.352	1524.97	1886.01	0
t_n1095	1515.476	1333.26	1696.03	0
t_n1096	1321.87	1145.71	1499.83	0
t_n1097	1141.886	968.01	1321.61	0
t_n1098	730.792	558.79	915.69	0
t_n1099	345.389	240.17	475.54	0
t_n1100	1247.026	1064.73	1428.34	0
t_n1101	1435.188	1260.7	1612.1	0
t_n1102	1290.568	1121.73	1461.57	0
t_n1103	1172.043	1010.3	1337.86	0
t_n1104	1039.178	883.09	1202.31	0
t_n1105	475.242	355.65	610.42	0
t_n1106	354.807	260.69	466.93	0
t_n1107	288.269	209.8	383.63	0
t_n1108	230.863	167.52	309.5	0
t_n1109	142.529	100.75	194.63	0
t_n1110	1043.235	891.37	1200.01	0
t_n1111	850.332	709.35	1001.12	0
t_n1112	738.664	608.51	881.81	0
t_n1113	540.302	429.66	664.99	0
t_n1114	603.45	484.88	730.16	0
t_n1115	606.501	430.39	783.16	0
t_n1116	1265.783	1099.23	1431.57	0
t_n1117	1165.574	1006.15	1331.23	0
t_n1118	916.241	762.77	1074.71	0
t_n1119	553.541	401.86	711.46	0
t_n1120	1187.523	1025.64	1350.79	0
t_n1121	1093.882	942.02	1252.55	0
t_n1122	809.634	665.69	963.14	0
t_n1123	874.239	731.38	1028.28	0
t_n1124	1007.933	855.37	1164.3	0
t_n1125	891.506	742.56	1048.86	0
t_n1126	2606.458	2455.44	2744.54	0
t_n1127	2376.663	2197.95	2538.62	0
t_n1128	1872.513	1598.24	2114.23	0
t_n1129	1202.057	891.38	1491.94	0
t_n1130	1269.362	881.16	1630	0
t_n1131	2465.961	2303.73	2615.48	0
t_n1132	2302.472	2126.99	2462.49	0
t_n1133	2122.574	1932.04	2301.83	0
t_n1134	1999.818	1801.35	2187.69	0
t_n1135	1858.353	1652.97	2056.74	0
t_n1136	1363.002	1128.13	1592.55	0
t_n1137	1159.271	935.97	1382.66	0
t_n1138	547.699	382.04	737.81	0
t_n1139	934.716	728.76	1150.63	0
t_n1140	2186.356	2002.44	2356.88	0
t_n1141	2030.195	1836.37	2216.52	0
t_n1142	1738.487	1520.96	1952.91	0
t_n1143	967.165	711.42	1235.85	0
t_n1144	889.008	608.67	1192.44	0
t_n1145	2729.877	2579.94	2867.26	0
t_n1146	2306.866	2071.06	2510.45	0
t_n1147	1059.122	696.48	1425.37	0
t_n1148	2612.793	2450.55	2765.13	0
t_n1149	2372.578	2169.6	2557.14	0
t_n1150	451.984	226.98	756.81	0
t_n1151	2081.813	1768.92	2335.21	0
t_n1152	2868.952	2726.75	3001.75	0
t_n1153	2464.767	2246.44	2649.02	0
t_n1154	1110.68	759.3	1433.74	0
t_n1155	817.454	540.9	1100.15	0
t_n1156	629.303	406.65	867.53	0
t_n1157	1017.433	641.6	1397.37	0
t_n1158	2351.283	2070.45	2577.31	0
t_n1159	2624.679	2371.88	2828.1	0
t_n1160	2310.434	1999.67	2557.92	0
t_n1161	958.446	608.63	1357.57	0
t_n1162	416.235	238.33	670.62	0
t_n1163	2380.297	1991.98	2676.73	0
t_n1164	1115.731	733.02	1527.03	0
t_n1165	3232.479	3105.28	3353.89	0
t_n1166	3160.375	3028.53	3282.24	0
t_n1167	3057.667	2912.32	3186.12	0
t_n1168	2587.397	2343.49	2787.39	0
t_n1169	2244.109	1964.67	2487.02	0
t_n1170	1382.027	1051.34	1706.86	0
t_n1171	1156.413	854.14	1472.42	0
t_n1172	2147.67	1813.86	2406.4	0
t_n1173	2868.662	2711.8	3010.06	0
t_n1174	2699.55	2531.89	2848.02	0
t_n1175	2588.981	2413.44	2744.22	0
t_n1176	2386.433	2198.17	2553.07	0
t_n1177	2109.289	1898.35	2291.64	0
t_n1178	1901.172	1689.83	2093.84	0
t_n1179	607.83	363.65	880.03	0
t_n1180	347.173	197.51	536.33	0
t_n1181	1670.052	1459.46	1874.37	0
t_n1182	1194.809	1000.67	1390.71	0
t_n1183	1098.274	912.13	1290.88	0
t_n1184	1025.752	850.4	1208.85	0
t_n1185	908.106	745.38	1077.92	0
t_n1186	753.388	610.82	911.83	0
t_n1187	548.501	430.63	681.37	0
t_n1188	405.085	310.97	514.22	0
t_n1189	299.386	226.42	385.46	0
t_n1190	252.659	189.67	328.16	0
t_n1191	175.782	131.31	231.09	0
t_n1192	204.317	151.85	269.03	0
t_n1193	247.566	185.62	321.88	0
t_n1194	159.313	116.5	211.63	0
t_n1195	376.158	285.86	483.28	0
t_n1196	705.834	565.85	857.25	0
t_n1197	509.127	398.66	637.22	0
t_n1198	429.238	332.42	546.16	0
t_n1199	617.25	490.68	757.09	0
t_n1200	518.067	405.22	641.7	0
t_n1201	901.535	730.18	1084.17	0
t_n1202	781.219	628.02	954.71	0
t_n1203	759.593	603.68	927.18	0
t_n1204	1378.183	1165.31	1598.08	0
t_n1205	1806.339	1568.25	2021.49	0
t_n1206	358.524	191.79	599.76	0
t_n1207	2197.996	1988.06	2382.35	0
t_n1208	1635.64	1316.93	1913.23	0
t_n1209	2297.263	2084.14	2490.24	0
t_n1210	2462.273	2263.88	2636.15	0
t_n1211	1955.712	1657.2	2221.76	0
t_n1212	2204.753	1966.83	2414.42	0
t_n1213	2702.509	2523.91	2859.05	0
t_n1214	2563.217	2367.28	2738.47	0
t_n1215	955.709	589.9	1338.46	0
t_n1216	2162.522	1895.1	2395.79	0
t_n1217	1430.1	1096.97	1762.28	0
t_n1218	3013.215	2860.16	3152.17	0
t_n1219	2819.278	2626.38	2983.42	0
t_n1220	1344.014	926.7	1755.28	0
t_n1221	730.066	458.11	1053.65	0
t_n1222	1427.245	945.19	1906.83	0
t_n1223	3120.395	2976.35	3248.29	0
t_n1224	3041.289	2893.18	3175.89	0
t_n1225	2860.503	2692.84	3009.39	0
t_n1226	2659.877	2461.67	2828.43	0
t_n1227_CG-CHLAMYDIIA	2428.842	2212.73	2627.11	B(1.08557,4.520,0.025,1E-300)
t_n1228	2059.738	1787.17	2311.53	0
t_n1229	1700.642	1414.24	1981.4	0
t_n1230	1461.674	1188.32	1755.42	0
t_n1231	1813.744	1526.21	2090.59	0
t_n1232	762.857	442.83	1133.3	0
t_n1233	2024.446	1717.94	2288.01	0
t_n1234	1713.049	1410.51	1995.53	0
t_n1235	1342.878	1069.95	1620.85	0
t_n1236	1012.207	777	1266.54	0
t_n1237	651.215	469.4	858.13	0
t_n1238	1357.688	1080.76	1645.93	0
t_n1239	2254.885	1913.21	2514.22	0
t_n1240	1922.121	1557.61	2237.58	0
t_n1241	2600.543	2342.35	2811.59	0
t_n1242	1920.905	1516.62	2269.65	0
t_n1243	3407.76	3306.02	3527.59	0
t_n1244	3344.23	3246.69	3457.95	0
t_n1245	3240.706	3141.06	3350.88	0
t_n1246	3015.869	2891.64	3142.79	0
t_n1247	2796.549	2645.26	2945.81	0
t_n1248	2655.32	2489.95	2813.19	0
t_n1249	2392.509	2203.36	2575.39	0
t_n1250	1964.408	1683.82	2216.39	0
t_n1251	2125.033	1909.76	2328.49	0
t_n1252	1943.019	1725.35	2151.78	0
t_n1253	1779.855	1564.8	1995.14	0
t_n1254	1378.34	1148.47	1607.7	0
t_n1255	1627.009	1407.37	1842.91	0
t_n1256	1224.985	1002.27	1446.58	0
t_n1257	1328.093	1107.44	1549.73	0
t_n1258	1396.209	1151.48	1643.83	0
t_n1259	1765.021	1535.4	1986.41	0
t_n1260	1268.527	1034.76	1503.84	0
t_n1261	1049.832	834.59	1273.57	0
t_n1262	845.688	650.95	1051.63	0
t_n1263	892.793	647.08	1154.4	0
t_n1264	659.098	458.56	885.02	0
t_n1265	2231.058	2028.29	2422.23	0
t_n1266	1988.699	1779.54	2191.76	0
t_n1267	1868.857	1658.49	2073.09	0
t_n1268	1497.491	1297.75	1697.38	0
t_n1269	1335.154	1146.69	1527.25	0
t_n1270	1229.417	1049.14	1412.96	0
t_n1271	867.347	694.19	1051.75	0
t_n1272	1042.156	874.94	1219.74	0
t_n1273	748.971	598.76	913.41	0
t_n1274	292.46	204.92	401.65	0
t_n1275	1172.019	996.53	1351.23	0
t_n1276	1057.89	893.69	1227.24	0
t_n1277	815.539	673.92	968.3	0
t_n1278	687.434	562.21	828.05	0
t_n1279	618.85	502.25	749.56	0
t_n1280	454.031	358.6	567.75	0
t_n1281	159.813	115.8	215.92	0
t_n1282	450.818	356.64	561.51	0
t_n1283	787.338	648.91	938.58	0
t_n1284	682.324	556.14	823.74	0
t_n1285	526.546	417.51	653.24	0
t_n1286	584.379	468.63	717.95	0
t_n1287	1287.927	1008.73	1553.23	0
t_n1288	2681.42	2515.69	2840.46	0
t_n1289	2543.671	2361.01	2719.43	0
t_n1290	2340.979	2133.28	2539.39	0
t_n1291	2011.809	1741.45	2258.96	0
t_n1292	2045.156	1799.62	2283.74	0
t_n1293	1851.674	1528.23	2133.32	0
t_n1294	1141.147	824.01	1452.91	0
t_n1295	1292.447	973.65	1621.12	0
t_n1296	2789.77	2605.97	2943.93	0
t_n1297	2382.672	2165.34	2581.75	0
t_n1298	1540.893	1318.64	1763.12	0
t_n1299	1458.124	1245.25	1673.83	0
t_n1300	1233.267	1036.89	1433.08	0
t_n1301	1076.588	898.25	1264.58	0
t_n1302	892.741	730.53	1066.65	0
t_n1303	651.363	511.57	806.39	0
t_n1304	901.315	738.11	1073.18	0
t_n1305	713.294	572.14	864.31	0
t_n1306	552.897	434.04	684.31	0
t_n1307	830.384	654.7	1022.8	0
t_n1308	1321.378	1121.39	1530.09	0
t_n1309	1082.074	896.32	1279.24	0
t_n1310	582.189	428.29	750.95	0
t_n1311	1455.599	1241.65	1670.85	0
t_n1312	1265.201	1066.82	1467.13	0
t_n1313	1002.035	821.84	1193.41	0
t_n1314	1157.445	971.58	1351.57	0
t_n1315	819.304	657.02	994.28	0
t_n1316	792.665	634.43	963.26	0
t_n1317	492.812	371.81	635.23	0
t_n1318	652.952	510.66	807.93	0
t_n1319	528.609	399.6	667.87	0
t_n1320	1271.296	1068.63	1478.47	0
t_n1321	915.093	725.86	1115.66	0
t_n1322	569.142	415.48	740.57	0
t_n1323	1239.078	846.5	1626.4	0
t_n1324	2578.346	2367.51	2764.67	0
t_n1325	1358.367	929.62	1784.73	0
t_n1326	3224.718	3127.39	3337.01	0
t_n1327	3117.018	3012.21	3232.71	0
t_n1328	2955.944	2829.18	3086.81	0
t_n1329	2873.166	2738.11	3007.81	0
t_n1330	2538.595	2344.83	2721.74	0
t_n1331	2256.562	2013.01	2471.6	0
t_n1332	1133.514	771.69	1485.01	0
t_n1333	2296.805	2067.64	2502.58	0
t_n1334	1987.126	1728.64	2232.66	0
t_n1335	1253.47	941.06	1558.76	0
t_n1336	1821.969	1539.86	2084.39	0
t_n1337	1608.226	1329.09	1877.97	0
t_n1338	1304.734	1044.88	1576.07	0
t_n1339	770.866	567.59	1005.84	0
t_n1340	2370.992	2141.05	2573.02	0
t_n1341	2170.736	1934.88	2386.04	0
t_n1342	2054.548	1823.76	2267.67	0
t_n1343	1857.657	1634.97	2077.25	0
t_n1344	1706.487	1489.73	1921.65	0
t_n1345	1559.503	1350.68	1769.31	0
t_n1346	1437.944	1237.37	1640.05	0
t_n1347	1335.438	1145.42	1529.46	0
t_n1348	1224.013	1045.58	1412.94	0
t_n1349	1022.167	857	1201.71	0
t_n1350	885.796	732.86	1055.49	0
t_n1351	809.047	665.47	970.53	0
t_n1352	686.693	554.11	838.24	0
t_n1353	437.137	329.7	563.14	0
t_n1354	1287.203	1098.6	1479.93	0
t_n1355	1101.561	929.29	1285.1	0
t_n1356	829.407	672.79	998.44	0
t_n1357	1172.373	994.12	1357.06	0
t_n1358	1004.016	840.96	1178.54	0
t_n1359	679.856	538.88	832.41	0
t_n1360	579.973	454.9	723.77	0
t_n1361	478.76	368.79	607.74	0
t_n1362	1488.534	1275.23	1710.31	0
t_n1363	1510.316	1286.99	1741.72	0
t_n1364	1312.428	1086.42	1553.98	0
t_n1365	1475.709	1203.08	1749.46	0
t_n1366	986.881	664.01	1315.14	0
t_n1367	1944.48	1670.71	2194.94	0
t_n1368	1669.808	1394.31	1930.14	0
t_n1369	1478.737	1212.31	1735.95	0
t_n1370	1248.074	997.99	1491.75	0
t_n1371	1086.042	861.25	1323.54	0
t_n1372	1457.286	955	1935.9	0
t_n1373	759.267	451.71	1130.45	0
t_n1374	2904.902	2737.45	3056.42	0
t_n1375	2187.572	1782.85	2491.97	0
t_n1376	3201.666	3128.7	3294.05	0
t_n1377_TG-OXYPHOTOBACTERIA	2967.083	2945.55	3023.37	B(2.945,4.520,1e-300,1e-300)
t_n1378_CG-OXYPHOTOBACTERIA	2096.522	1945.82	2300.65	B(2.0136,3.448,0.025,0.025)
t_n1379	1696.861	1477.84	1951.17	0
t_n1380	1463.29	1240.04	1723.99	0
t_n1381	1203.036	993.06	1466.16	0
t_n1382	921.371	736.18	1166.91	0
t_n1383	822.958	653.23	1053.23	0
t_n1384	720.772	564.56	931.76	0
t_n1385	548.466	422.65	719.49	0
t_n1386	432.562	329.6	574.61	0
t_n1387_TG-NOSTOCALES	623.476	486.23	825.21	B(0.996,3.261,0.025,1e-300)
t_n1388	421.893	317.21	574.77	0
t_n1389	332.202	245.47	458.51	0
t_n1390	269.926	195.97	377.01	0
t_n1391	2775.944	2672.3	2862.52	0
t_n1392	2253.665	1929.92	2480.01	0
t_n1393	1965.288	1219.03	2584.41	0
t_n1394	1562.308	929.03	2185.71	0
t_n1395	3615.682	3377.97	3818.34	0
t_n1396	2437.377	1710.3	2903.39	0
t_n1397	2045.762	1379.95	2545.43	0
t_n1398	1992.368	1324.93	2500.04	0
t_n1399	3534.609	3179.4	3838.12	0
